Designator,Footprint,Quantity,Value,JLCPCB Part #
C1,C_Disc_D7.5mm_W2.5mm_P5.00mm,1,0.01 µf,
"C10, C11, C12, C13, C14, C15, C16, C17, C2, C4, C5, C9",C_Disc_D7.5mm_W2.5mm_P5.00mm,12,0.1µf,
"C3, C6",CP_Radial_D5.0mm_P2.50mm,2,10µf,
C7,C_Disc_D7.5mm_W2.5mm_P5.00mm,1,470pf,
C8,C_Disc_D7.5mm_W2.5mm_P5.00mm,1,1000pf,
D1,LED_D3.0mm,1,green,
D2,LED_D3.0mm,1,red,
J1,USB_B_Lumberg_2411_02_Horizontal,1,USB_B,
"J2, J3, J4",PinHeader_2x05_P2.54mm_Vertical,3,Conn_02x05_Odd_Even,
Q1,TO-92_Inline,1,2N3904,
"R1, R2, R3",Resistor,3,10k,
"R10, R11, R12, R13, R14, R15, R16, R17, R18, R19, R20, R21, R22, R23, R24, R25, R26, R27, R28, R29, R30, R31, R32, R9",Resistor,24,1k,
R4,Resistor,1,270,
R5,Resistor,1,470,
R6,Resistor,1,8.2k,
R7,Resistor,1,18k,
R8,Resistor,1,100k,
SW1,SW_Tactile_Straight_KSA0Axx1LFTR,1,SW_Push,
U1,DIP-40_W15.24mm,1,P8X32A-D40,
U2,DIP-8_W7.62mm_Socket,1,24LC512,
U3,SOIC-8_3.9x4.9mm_P1.27mm,1,AD8655,
U4,SO-8_3.9x4.9mm_P1.27mm,1,CH340N,C506813
U5,TO-220-3_Vertical,1,LD1086V33-DG,
"U7, U8, U9",TSSOP-20_4.4x6.5mm_P0.65mm,3,TXS0108EPW,C17206
Y1,Crystal_HC49-U_Vertical,1,Crystal,
